-- MySQL dump 10.13  Distrib 8.0.37, for Linux (x86_64)
--
-- Host: localhost    Database: anjanitek
-- ------------------------------------------------------
-- Server version	8.0.37-0ubuntu0.22.04.3

/*!40101 SET @OLD_CHARACTER_SET_CLIENT=@@CHARACTER_SET_CLIENT */;
/*!40101 SET @OLD_CHARACTER_SET_RESULTS=@@CHARACTER_SET_RESULTS */;
/*!40101 SET @OLD_COLLATION_CONNECTION=@@COLLATION_CONNECTION */;
/*!50503 SET NAMES utf8mb4 */;
/*!40103 SET @OLD_TIME_ZONE=@@TIME_ZONE */;
/*!40103 SET TIME_ZONE='+00:00' */;
/*!40014 SET @OLD_UNIQUE_CHECKS=@@UNIQUE_CHECKS, UNIQUE_CHECKS=0 */;
/*!40014 SET @OLD_FOREIGN_KEY_CHECKS=@@FOREIGN_KEY_CHECKS, FOREIGN_KEY_CHECKS=0 */;
/*!40101 SET @OLD_SQL_MODE=@@SQL_MODE, SQL_MODE='NO_AUTO_VALUE_ON_ZERO' */;
/*!40111 SET @OLD_SQL_NOTES=@@SQL_NOTES, SQL_NOTES=0 */;

--
-- Table structure for table `dealers`
--

DROP TABLE IF EXISTS `dealers`;
/*!40101 SET @saved_cs_client     = @@character_set_client */;
/*!50503 SET character_set_client = utf8mb4 */;
CREATE TABLE `dealers` (
  `dealerId` text CHARACTER SET utf8mb4 COLLATE utf8mb4_general_ci NOT NULL,
  `userId` text CHARACTER SET utf8mb4 COLLATE utf8mb4_general_ci NOT NULL,
  `accountName` text CHARACTER SET utf8mb4 COLLATE utf8mb4_general_ci NOT NULL,
  `salesId` text CHARACTER SET utf8mb4 COLLATE utf8mb4_general_ci NOT NULL,
  `address1` text COLLATE utf8mb4_general_ci NOT NULL,
  `address2` text COLLATE utf8mb4_general_ci NOT NULL,
  `address3` text CHARACTER SET utf8mb4 COLLATE utf8mb4_general_ci NOT NULL,
  `city` text COLLATE utf8mb4_general_ci NOT NULL,
  `state` text COLLATE utf8mb4_general_ci NOT NULL,
  `gst` text COLLATE utf8mb4_general_ci NOT NULL,
  PRIMARY KEY (`dealerId`(10))
) ENGINE=InnoDB DEFAULT CHARSET=utf8mb4 COLLATE=utf8mb4_general_ci;
/*!40101 SET character_set_client = @saved_cs_client */;

--
-- Dumping data for table `dealers`
--

LOCK TABLES `dealers` WRITE;
/*!40000 ALTER TABLE `dealers` DISABLE KEYS */;
INSERT INTO `dealers` VALUES ('D0000001','1000132','K.S.R.CERAMICS','SALE0001','SITE NO.1 BASEMENT KATHA NO.291 3 4 3 AND 284 3 4 3','GROUND FIRST SECOND THIRD AND FOURTH, KOWDENAHALLI VILLAGE T C PALYA MAIN ROAD, R M NAGAR','BENGALURU','BENGALURU','29-KARNATAKA','29CVNPS4409K1ZT'),('D0000002','1001002','BHARATH CERAMIC','SALE0002','SITE NO.2703, 1ST BLOCK','SIR M VISVESHWARAYA LAYOUT','BENGALURU URBAN','BENGALURU','29-KARNATAKA','29BKDPT5820P1ZE'),('D0000003','1000708','VAMSI KRISHNA ENTERPRISES','SALE0003','PLOT NO.9','M/s.SREENIDHI ESTAES INDIA PVT LTD','MAIN ROAD, SUNCITY, RAJUPALEM','NAIDUPETA','37-ANDHRA PRADESH','37AXJPC4409P1Z4'),('D0000004','1000043','BALAMURUGAN CERAMICS','SALE0004','NO.275, MAILAM SALAI','MAILAM SALAI,TAMIL NADU','VILLUPURAM','MAILAM SALAI','33-TAMIL NADU','33DQJPS3856N1Z2'),('D0000005','1000267','SHAKTHI TILES','SALE0002','NO.36,44,81,87&91,ADHINATH TRADE COMPLEX,JAWAHARLAL NEHRU SALAI','MADHAVARAM','CHENNAI,TAMIL NADU,600060','CHENNAI','33-TAMIL NADU','33ADUPV4691B1Z4'),('D0000006','1001090','SRI RAGHAVENDRA ENTERPRISES','SALE0005','H.NO 1-6-43/3/11','SY.NO 46, MUTHYAM REDDY ESTATE','KANAJIGUDA TIRUMALGIRI,SECUNDERABAD','TIRUMALGIRI,HYDERABAD','36-TELANGANA','36AGOPK4400C1ZS'),('D0000007','Dealer001','Piltovr India','SALE0005','Brinda Heights','Swaroop Nagar','Uppal','HYDERABAD','36-TELANGANA','36AGOPK4400C001');
/*!40000 ALTER TABLE `dealers` ENABLE KEYS */;
UNLOCK TABLES;

--
-- Table structure for table `invoices`
--

DROP TABLE IF EXISTS `invoices`;
/*!40101 SET @saved_cs_client     = @@character_set_client */;
/*!50503 SET character_set_client = utf8mb4 */;
CREATE TABLE `invoices` (
  `invoiceId` int NOT NULL AUTO_INCREMENT,
  `invoiceNo` text COLLATE utf8mb4_general_ci NOT NULL,
  `invoiceDate` datetime NOT NULL,
  `PoNo` text COLLATE utf8mb4_general_ci NOT NULL,
  `vehicleNo` text COLLATE utf8mb4_general_ci NOT NULL,
  `transport` text COLLATE utf8mb4_general_ci NOT NULL,
  `LRNo` text COLLATE utf8mb4_general_ci NOT NULL,
  `billTo` text COLLATE utf8mb4_general_ci NOT NULL,
  `shipTo` text COLLATE utf8mb4_general_ci NOT NULL,
  `totalAmount` double NOT NULL,
  `amountPaid` double NOT NULL,
  `pending` double NOT NULL,
  `status` text COLLATE utf8mb4_general_ci NOT NULL,
  `expiryDate` datetime NOT NULL,
  `sales` text COLLATE utf8mb4_general_ci NOT NULL,
  PRIMARY KEY (`invoiceId`)
) ENGINE=InnoDB AUTO_INCREMENT=4 DEFAULT CHARSET=utf8mb4 COLLATE=utf8mb4_general_ci;
/*!40101 SET character_set_client = @saved_cs_client */;

--
-- Dumping data for table `invoices`
--

LOCK TABLES `invoices` WRITE;
/*!40000 ALTER TABLE `invoices` DISABLE KEYS */;
INSERT INTO `invoices` VALUES (1,'AVS-23-24/3717','2024-03-29 16:23:18','KA-PO 2815','AP39UK5677','SRI SITARAMA LOGISTICS','1002','1000132','1000132',561607,323999,237608,'PartialPaid','2024-05-14 16:23:18','S000000001,S000000002,S000000003,S000000004,S000000005,S000000006,S000000007,S000000008,S000000009,S000000010'),(2,'AVS-23-24/3716','2024-04-08 16:23:18','KA-PO 2816','AP39UK5677','SRI SITARAMA LOGISTICS','1002','1000132','1000132',122103,0,122103,'NotPaid','2024-05-21 16:23:18','S000000005,S000000006,S000000007,S000000008,S000000009,S000000010'),(3,'AVS-23-24/3716','2024-04-08 16:23:18','KA-PO 2816','AP39UK5677','VAMSI KRISHNA ENTERPRISES','1003','1000708','1000708',50000,0,50000,'NotPaid','2024-05-21 16:23:18','S000000005,S000000006,S000000007,S000000008,S000000009,S000000010');
/*!40000 ALTER TABLE `invoices` ENABLE KEYS */;
UNLOCK TABLES;

--
-- Table structure for table `notifications`
--

DROP TABLE IF EXISTS `notifications`;
/*!40101 SET @saved_cs_client     = @@character_set_client */;
/*!50503 SET character_set_client = utf8mb4 */;
CREATE TABLE `notifications` (
  `notificationId` int NOT NULL AUTO_INCREMENT,
  `sender` text COLLATE utf8mb4_general_ci NOT NULL,
  `receiver` text COLLATE utf8mb4_general_ci NOT NULL,
  `sentAt` datetime NOT NULL,
  `message` text COLLATE utf8mb4_general_ci NOT NULL,
  `seen` int NOT NULL,
  `state` text COLLATE utf8mb4_general_ci NOT NULL,
  PRIMARY KEY (`notificationId`)
) ENGINE=InnoDB AUTO_INCREMENT=34 DEFAULT CHARSET=utf8mb4 COLLATE=utf8mb4_general_ci;
/*!40101 SET character_set_client = @saved_cs_client */;

--
-- Dumping data for table `notifications`
--

LOCK TABLES `notifications` WRITE;
/*!40000 ALTER TABLE `notifications` DISABLE KEYS */;
INSERT INTO `notifications` VALUES (1,'ADMIN0001','All','2024-04-22 13:02:30','Checking to send message to every dealer',0,'-'),(2,'ADMIN0001','All','2024-04-22 19:55:30','Your outstanding from the last invoice is 12,200. Last date for payment is 30-Apr-2024.',0,'-'),(3,'ADMIN0001','All','2024-04-22 20:05:30','This is a test message for a dealer who is having a large outstanding amount to be paid.',0,'-'),(4,'ADMIN0001','All','2024-05-05 09:34:27','Checking mess',0,'-'),(5,'ADMIN0001','1000132','2024-05-05 10:38:08','Checking may 5',0,'-'),(6,'1000132','ADMIN0001','2024-05-05 11:16:20','Checking',0,'-'),(7,'ADMIN0001','All','2024-05-05 11:17:31','Check',0,'-'),(8,'ADMIN0001','1000132','2024-05-15 15:35:24','CHECKING',0,'-'),(9,'ADMIN0001','1000132','2024-06-11 15:36:00','Checking from app',0,'Karnataka'),(10,'ADMIN0001','All','2024-06-13 07:30:38','ssss',0,'-'),(11,'1000132','ADMIN0001','2024-06-13 07:33:58','Checking from web',0,'-'),(12,'ADMIN0001','All','2024-06-13 07:36:28','Sending broadcast message to all dealers from website',0,'-'),(13,'ADMIN0001','All','2024-06-13 07:37:15','Checking again from website',0,'-'),(14,'ADMIN0001','All','2024-06-13 07:40:20','c',0,'-'),(15,'1000132','ADMIN0001','2024-06-14 11:44:05','SENDING TEST MESSAGE',0,'-'),(16,'ADMIN0001','All','2024-06-14 11:44:40','CHECK',0,'-'),(17,'ADMIN0001','All','2024-06-15 11:35:02','CHECKING TO SEND MESSAGE',0,'-'),(18,'ADMIN0001','All','2024-06-20 10:12:00','Welcome test message',0,'-'),(19,'ADMIN0001','All','2024-07-28 11:37:48','Checking the broadcast message from website.',0,'-'),(20,'ADMIN0001','All','2024-07-28 01:48:30','To Vamsi on 28 July',0,'-'),(21,'ADMIN0001','All','2024-07-28 01:49:45','Send this to Bharath',0,'-'),(22,'ADMIN0001','1000043','2024-07-28 07:06:27','Message to Balamurugan from website',0,'-'),(23,'ADMIN0001','1000267','2024-07-28 07:37:28','Sending message to Shakthi about pending amount from the website. Please pay back with in the due date.',0,'-'),(24,'1000267','ADMIN0001','2024-07-28 07:57:28','I will pay the amount within due date. Thanks for reminding me.',0,'-'),(25,'ADMIN0001','1000132','2024-07-29 01:04:31','Check from website messages module.',0,'-'),(26,'ADMIN0001','1000132','2024-07-29 01:05:52','Anjani Tek wants to remind you about the outing payment to be done for the upcoming due date.',0,'-'),(27,'ADMIN0001','1000132','2024-07-29 01:12:59','There is a due date for your payment. Checking now.',0,'-'),(28,'ADMIN0001','1000132','2024-07-29 01:17:41','Checking now for v2 API call',0,'-'),(29,'ADMIN0001','1000132','2024-07-29 01:22:23','Completed the module phase 1',0,'-'),(30,'ADMIN0001','1000132','2024-07-29 01:30:39','Messages module for the bunch of dealers and admins',0,'-'),(31,'ADMIN0001','1001090','2024-07-29 05:21:48','Checking to send a message from the website to Raghavendra Enterprises.',0,'-'),(32,'ADMIN0001','1001090','2024-07-29 05:23:22','Checking again',0,'-'),(33,'ADMIN0001','1001090','2024-07-29 05:24:29','Again Sending message',0,'-');
/*!40000 ALTER TABLE `notifications` ENABLE KEYS */;
UNLOCK TABLES;

--
-- Table structure for table `payments`
--

DROP TABLE IF EXISTS `payments`;
/*!40101 SET @saved_cs_client     = @@character_set_client */;
/*!50503 SET character_set_client = utf8mb4 */;
CREATE TABLE `payments` (
  `paymentId` int NOT NULL AUTO_INCREMENT,
  `amount` double NOT NULL,
  `type` text COLLATE utf8mb4_general_ci NOT NULL,
  `userId` text COLLATE utf8mb4_general_ci NOT NULL,
  `invoiceNo` text COLLATE utf8mb4_general_ci NOT NULL,
  `transactionId` text COLLATE utf8mb4_general_ci NOT NULL,
  `paymentDate` datetime NOT NULL,
  `adminId` text COLLATE utf8mb4_general_ci NOT NULL,
  `particular` text COLLATE utf8mb4_general_ci NOT NULL,
  `balance` double NOT NULL,
  PRIMARY KEY (`paymentId`)
) ENGINE=InnoDB AUTO_INCREMENT=36 DEFAULT CHARSET=utf8mb4 COLLATE=utf8mb4_general_ci;
/*!40101 SET character_set_client = @saved_cs_client */;

--
-- Dumping data for table `payments`
--

LOCK TABLES `payments` WRITE;
/*!40000 ALTER TABLE `payments` DISABLE KEYS */;
INSERT INTO `payments` VALUES (4,561607,'debit','1000132','AVS-23-24/3716','C49787Y89NC','2024-04-21 19:17:54','ADMIN0001','-',561607),(5,561607,'credit','1000132','AVS-23-24/3716','T347893T4980','2024-04-22 14:17:49','ADMIN0001','-',0),(6,122103,'debit','1000132','AVS-23-24/3716','T347893T4980','2024-04-22 14:18:49','ADMIN0001','-',122103),(10,80,'credit','1000132','AVS-23-24/3716','T347893T4980','2024-04-22 15:17:49','ADMIN0001','-',122023),(14,80,'credit','1000132','AVS-23-24/3716','T347893T4980','2024-04-22 16:02:49','ADMIN0001','-',121943),(15,80,'debit','1000132','AVS-23-24/3716','T347893T4980','2024-04-22 16:03:49','ADMIN0001','-',122023),(16,500,'credit','1000132','AVS-23-24/3716','IO239UND2','2024-05-05 09:37:39','ADMIN0001','-',121523),(17,520,'credit','1000132','AVS-23-24/3716','N983HXIFE','2024-05-05 09:40:50','ADMIN0001','-',121003),(18,520,'credit','1000132','AVS-23-24/3716','N983HXIFE','2024-05-05 09:40:50','ADMIN0001','-',120483),(19,110,'credit','1000132','AVS-23-24/3716','7BS8DCHuI','2024-05-05 09:51:04','ADMIN0001','-',120373),(20,110,'credit','1000132','AVS-23-24/3716','7BS8DCHuI','2024-05-05 09:51:04','ADMIN0001','-',120263),(21,110,'credit','1000132','AVS-23-24/3716','7BS8DCHuI','2024-05-05 09:51:04','ADMIN0001','-',120263),(22,1520,'credit','1000132','AVS-23-24/3716','N983HXIFE','2024-05-05 09:40:50','ADMIN0001','-',118853),(23,99,'credit','1000132','AVS-23-24/3716','SND8cX','2024-05-05 10:32:00','ADMIN0001','-',120274),(24,100,'credit','1000132','AVS-23-24/3716','YHBKI','2024-05-05 15:01:00','ADMIN0001','-',120174),(25,1000,'credit','1000132','AVS-23-24/3716','UDKFKD','2024-05-05 15:06:00','ADMIN0001','-',119174),(26,58635,'credit','1000132','AVS-23-24/3716','GHYHODD','2024-05-15 15:34:00','ADMIN0001','-',60539),(27,3000,'credit','1000132','AVS-23-24/3717','9UC8TU2EF9D','2024-05-26 10:00:00','ADMIN0001','-',57539),(28,3000,'credit','1000132','AVS-23-24/3717','9UC8TU2EF9D','2024-05-26 10:00:00','ADMIN0001','-',54539),(29,4000,'credit','1000132','AVS-23-24/3717','UC89T40G9RV','2024-05-28 10:00:00','ADMIN0001','-',50539),(30,3000,'credit','1000132','AVS-23-24/3717','9UC8TU2EF9D','2024-05-26 10:00:00','ADMIN0001','-',47539),(31,1000,'credit','1000132','AVS-23-24/3717','3nr3982','2024-06-11 15:36:00','ADMIN0001','-',49539),(32,3000,'credit','1000132','AVS-23-24/3717','9UC8TU2EF9D','2024-05-26 10:00:00','ADMIN0001','-',46539),(33,4000,'credit','1000132','AVS-23-24/3717','UC89T40G9RV','2024-05-28 10:00:00','ADMIN0001','-',45539),(34,3000,'credit','1000132','AVS-23-24/3717','9UC8TU2EF9D','2024-05-26 10:00:00','ADMIN0001','-',46539),(35,100000,'credit','1000132','AVS-23-24/3717','JTSHF','2024-07-22 16:08:00','ADMIN0001','-',-50461);
/*!40000 ALTER TABLE `payments` ENABLE KEYS */;
UNLOCK TABLES;

--
-- Table structure for table `sales`
--

DROP TABLE IF EXISTS `sales`;
/*!40101 SET @saved_cs_client     = @@character_set_client */;
/*!50503 SET character_set_client = utf8mb4 */;
CREATE TABLE `sales` (
  `saleId` text COLLATE utf8mb4_general_ci NOT NULL,
  `productCode` text COLLATE utf8mb4_general_ci NOT NULL,
  `productName` text COLLATE utf8mb4_general_ci NOT NULL,
  `HSN` text COLLATE utf8mb4_general_ci NOT NULL,
  `UOM` text COLLATE utf8mb4_general_ci NOT NULL,
  `quantity` double NOT NULL,
  `rate` double NOT NULL,
  `value` double NOT NULL,
  `discount` double NOT NULL,
  `taxableValue` double NOT NULL,
  `taxPercent` double NOT NULL,
  `gst` double NOT NULL,
  `total` double NOT NULL,
  PRIMARY KEY (`saleId`(20))
) ENGINE=InnoDB DEFAULT CHARSET=utf8mb4 COLLATE=utf8mb4_general_ci;
/*!40101 SET character_set_client = @saved_cs_client */;

--
-- Dumping data for table `sales`
--

LOCK TABLES `sales` WRITE;
/*!40000 ALTER TABLE `sales` DISABLE KEYS */;
INSERT INTO `sales` VALUES ('S000000001','T31ATL9063JA','CLASSIC TRAVERTINO DGVT PRM 6000X1200','69072100','BOX',120,433.57000732421875,52028.3984375,0,52028.3984375,18,9365.1103515625,61393.51171875),('S000000002','T31ATL9075JA','SEGESTA GOLDPLUS DGVT PRM 600X1200','69072100','BOX',180,433.57000732421875,78042.6015625,0,78042.6015625,18,14047.669921875,92090.2734375),('S000000003','T31ATL9085JA','ESTILO WHITE DGVT PRM 600X1200','69072100','BOX',200,433.57000732421875,86714,0,86714,18,15608.51953125,102322.5234375),('S000000004','T31ATL9100JB','ARMANI BEIGE DGVT STD 600X1200','69072100','BOX',150,356.5,53475,0,53475,18,9625.5,63100.5),('S000000005','T31ATL9113JB','GRAVITY HL BROWN DGVT STD 600X1200','69072100','BOX',50,356.5,17825,0,17825,18,3208.5,21033.5),('S000000006','T31ATL9013JB','COSTA BEIGE DGVT NA STD 600X1200','69072100','BOX',100,356.5,35650,0,35650,18,6417,42067),('S000000007','T31ATL9134JB','CALACATTA WHITE DGVT STD 600X1200','69072100','BOX',203,356.5,72369.5,0,72369.5,18,13026.5,85396.0078125),('S000000008','T31ATL21018JB','SATVARIO GRAND DGVT STD 600X1200','69072100','BOX',193,403,77779,0,77779,18,14000.2197265625,91779.21875),('S000000009','T31ATL6116JA','QUATZINE DGVT PRM 600X600','69072100','BOX',2,434,868,0,868,18,156.24000549316406,1024.239990234375),('S000000010','Insurance','INSURANCE @ 0.25','842699','NO',1,1186.8800048828125,1186.8800048828125,0,1186.8800048828125,18,213.63999938964844,1400.52001953125);
/*!40000 ALTER TABLE `sales` ENABLE KEYS */;
UNLOCK TABLES;

--
-- Table structure for table `user_sessions`
--

DROP TABLE IF EXISTS `user_sessions`;
/*!40101 SET @saved_cs_client     = @@character_set_client */;
/*!50503 SET character_set_client = utf8mb4 */;
CREATE TABLE `user_sessions` (
  `sessionId` int NOT NULL AUTO_INCREMENT,
  `userId` text COLLATE utf8mb4_general_ci NOT NULL,
  `deviceId` text COLLATE utf8mb4_general_ci NOT NULL,
  `sessionToken` text COLLATE utf8mb4_general_ci NOT NULL,
  `loginTime` datetime NOT NULL DEFAULT CURRENT_TIMESTAMP,
  `loginCount` int NOT NULL,
  `lastActivityTime` datetime NOT NULL,
  PRIMARY KEY (`sessionId`)
) ENGINE=InnoDB AUTO_INCREMENT=95 DEFAULT CHARSET=utf8mb4 COLLATE=utf8mb4_general_ci;
/*!40101 SET character_set_client = @saved_cs_client */;

--
-- Dumping data for table `user_sessions`
--

LOCK TABLES `user_sessions` WRITE;
/*!40000 ALTER TABLE `user_sessions` DISABLE KEYS */;
INSERT INTO `user_sessions` VALUES (1,'1000043','D2B177C4-1128-7841-82E1-F2AFA32A5AC4','6f790272-97bc-4129-8e2c-0e50c718368c','2024-04-18 05:20:04',1,'2024-04-18 10:50:04'),(2,'1000043','D2B177C4-1128-7841-82E1-F2AFA32A5AC4','949da6fd-53b3-4d6a-9cea-e531a029f050','2024-04-18 05:26:40',1,'2024-04-18 10:56:40'),(3,'1000043','D2B177C4-1128-7841-82E1-F2AFA32A5AC4','65046ee1-fe26-4112-8236-af637b0b7cca','2024-04-19 04:23:11',1,'2024-04-19 04:23:11'),(4,'1000043','D2B177C4-1128-7841-82E1-F2AFA32A5AC4','cb35565f-ef79-46fc-bb4a-a03e4529ecf0','2024-04-19 05:02:34',1,'2024-04-19 05:02:34'),(5,'1000043','D2B177C4-1128-7841-82E1-F2AFA32A5AC4','b2b06fd7-c463-4bbd-836e-b69ee6eb603d','2024-04-19 05:02:37',1,'2024-04-19 05:02:37'),(6,'1000043','D2B177C4-1128-7841-82E1-F2AFA32A5AC4','b4aa40f2-09ac-4a2f-835d-ddd21ff53c4c','2024-04-19 05:17:06',1,'2024-04-19 05:17:06'),(7,'1000043','D2B177C4-1128-7841-82E1-F2AFA32A5AC4','99f12aec-92e0-4813-a71b-1d5d9cfb7028','2024-04-19 06:18:50',1,'2024-04-19 06:18:50'),(8,'1000043','D2B177C4-1128-7841-82E1-F2AFA32A5AC4','60c364e6-6c15-4e78-891d-4c400e76df50','2024-04-19 06:33:18',1,'2024-04-19 06:33:18'),(9,'1000043','D2B177C4-1128-7841-82E1-F2AFA32A5AC4','188d8332-6b29-43b7-bbb0-35a6da9de853','2024-04-19 06:34:54',1,'2024-04-19 06:34:54'),(10,'1000043','D2B177C4-1128-7841-82E1-F2AFA32A5AC4','1198cdb2-638d-41dd-85ab-245a8f283820','2024-04-19 08:09:53',1,'2024-04-19 08:09:53'),(12,'ADMIN0001','D2B177C4-1128-7841-82E1-F2AFA32A5AC4','479d004e-4bd9-4588-9329-22d8fe273d4d','2024-04-21 03:44:49',1,'2024-04-21 03:44:49'),(13,'ADMIN0001','D2B177C4-1128-7841-82E1-F2AFA32A5AC4','a2ff4add-bf07-43c4-9c75-2c01e437d70a','2024-04-21 04:29:59',1,'2024-04-21 04:29:59'),(14,'1000043','D2B177C4-1128-7841-82E1-F2AFA32A5AC4','d0f54b78-c5e5-41f1-93e9-3598a5ab709a','2024-04-22 12:26:09',1,'2024-04-22 12:26:09'),(15,'1000043','D2B177C4-1128-7841-82E1-F2AFA32A5AC4','516afe03-3cba-4e70-af9d-a2159276bd37','2024-04-23 08:07:27',1,'2024-04-23 08:07:27'),(16,'1000132','D2B177C4-1128-7841-82E1-F2AFA32A5AC4','ec43cf4b-e64e-4515-bfca-b5eec40b2792','2024-04-23 08:09:33',1,'2024-04-23 08:09:33'),(17,'1000043','D2B177C4-1128-7841-82E1-F2AFA32A5AC4','55adfb53-2635-4813-97f4-db947058f20d','2024-04-26 10:00:30',1,'2024-04-26 10:00:30'),(18,'1000132','D2B177C4-1128-7841-82E1-F2AFA32A5AC4','e5f5503a-d9bc-455a-896e-80283f59d51a','2024-04-26 10:15:49',1,'2024-04-26 10:15:49'),(19,'ADMIN0001','D2B177C4-1128-7841-82E1-F2AFA32A5AC4','f2a83126-57c8-4e8a-99a2-146130b99876','2024-04-26 10:23:57',1,'2024-04-26 10:23:57'),(20,'1000132','D2B177C4-1128-7841-82E1-F2AFA32A5AC4','8c30f8a0-a0b9-4335-91d3-5ac1de67e778','2024-04-26 10:34:23',1,'2024-04-26 10:34:23'),(21,'1000132','D2B177C4-1128-7841-B945-374186060F2B','32763785-e0b4-4ae7-8fc3-2e1af0c0b2f5','2024-05-03 14:14:20',1,'2024-05-03 14:14:20'),(22,'1000132','D2B177C4-1128-7841-B945-374186060F2B','68583f58-d14a-4d0c-b820-4e5577fe2e36','2024-05-03 14:27:26',1,'2024-05-03 14:27:26'),(23,'1000132','D2B177C4-1128-7841-B945-374186060F2B','a6c4bbab-1e1e-4719-84c0-4625e79e49f5','2024-05-03 14:32:07',1,'2024-05-03 14:32:07'),(24,'1000132','D2B177C4-1128-7841-B945-374186060F2B','1f6726bc-09ec-4599-affa-9c29bf0d15a1','2024-05-05 03:23:51',1,'2024-05-05 03:23:51'),(25,'ADMIN0001','D2B177C4-1128-7841-B945-374186060F2B','3075bd3e-5cef-48b2-8e90-5a7e8c7b65e3','2024-05-05 03:40:34',1,'2024-05-05 03:40:34'),(26,'1000132','D2B177C4-1128-7841-B945-374186060F2B','c45d55e9-09d0-436e-8658-143acd6807d6','2024-05-05 06:45:15',1,'2024-05-05 06:45:15'),(27,'ADMIN0001','222d027e72363fac2c9eb0ddce034fa85752c445','4093c81e-592a-4f5a-ab0c-9cbc50a988e7','2024-05-05 07:25:27',1,'2024-05-05 07:25:27'),(28,'ADMIN0001','c89c8fc189b737f87a9ad1adc649033ba8a9c4f8','9509814d-4fe5-4922-bc11-fc826cae594f','2024-05-05 09:29:53',1,'2024-05-05 09:29:53'),(29,'1000132','c89c8fc189b737f87a9ad1adc649033ba8a9c4f8','eb045509-84a1-4b58-851b-cd833e82ccd0','2024-05-05 09:35:48',1,'2024-05-05 09:35:48'),(30,'ADMIN0001','69204ae4fb82f8683233016cdd61f2c117b2be54','487b7bf6-2b59-4b0d-b94d-37a7c77c7adb','2024-05-05 11:16:10',1,'2024-05-05 11:16:10'),(31,'ADMIN0002','b87d2b4ecd22d9fc94e054d7fdab62940b96ae76','5c4943ea-9b94-4040-9248-be5c0c4aedc4','2024-05-05 11:30:00',1,'2024-05-05 11:30:00'),(32,'ADMIN0002','b87d2b4ecd22d9fc94e054d7fdab62940b96ae76','52f16531-74a8-49ea-82c7-23a08d4d6e9a','2024-05-05 11:32:28',1,'2024-05-05 11:32:28'),(33,'ADMIN0002','b87d2b4ecd22d9fc94e054d7fdab62940b96ae76','68da82ed-7071-4402-a745-e0e81beaef5e','2024-05-05 12:10:47',1,'2024-05-05 12:10:47'),(34,'ADMIN0001','69204ae4fb82f8683233016cdd61f2c117b2be54','243e48e7-d517-430c-a908-b114995b31c5','2024-05-07 11:53:40',1,'2024-05-07 11:53:40'),(35,'ADMIN0005','d1ae12b50a46e45860d37b507ec659913036da6f','3b3a3352-5316-46df-9455-0e7c5d2d35e7','2024-05-08 04:09:01',1,'2024-05-08 04:09:01'),(36,'ADMIN0003','90dfd161d760dddcf660c31cda2f6257af5d4381','5fcc61b1-f229-44ff-b491-2886cd787dc2','2024-05-14 04:21:55',1,'2024-05-14 04:21:55'),(37,'ADMIN0001','3A7D14BF-E0EE-7C37-1EA5-12392F394F8E','776739a2-32f6-4852-8496-e36443311696','2024-05-15 09:59:40',1,'2024-05-15 09:59:40'),(38,'ADMIN0001','3733B687-6324-1E0B-B5AE-07C2EF95C56B','9c50ec78-30ae-489c-a626-99b15abae516','2024-05-15 11:54:14',1,'2024-05-15 11:54:14'),(39,'ADMIN0001','c8uvu7um8moqmmlmv1zib','7237ce7b-e0fb-43c8-8b7e-7ba913e63c12','2024-05-15 11:58:06',1,'2024-05-15 17:28:06'),(40,'ADMIN0001','q1lw0vzmwcupqitne80mr','9da9b34a-ebee-4982-a4cb-2045c0024e83','2024-05-15 12:00:28',1,'2024-05-15 17:30:28'),(41,'ADMIN0001','eqtt6tvypfw1zotpgule9h','30a5668c-b74d-4a1d-9a9d-f33f79efd441','2024-05-16 02:49:01',1,'2024-05-16 08:19:01'),(42,'ADMIN0001','w3ign9m3t501l1bhn3jz3t','5a2710d4-9c57-4a9d-8d1d-7a7118f7ef9f','2024-05-16 02:52:48',1,'2024-05-16 08:22:47'),(43,'ADMIN0001','h2vfnssbayt2ytyik489k','779f5c21-167c-43a0-8a6a-cc9edfba325d','2024-05-20 09:41:06',1,'2024-05-20 15:11:16'),(44,'ADMIN0001','zudsf11e6al8t5n7pcsozy','48049d15-d41f-4033-ae42-7affa1d91c53','2024-05-27 11:14:31',1,'2024-05-27 16:44:34'),(45,'ADMIN0001','feda69i3daijw7zak4t22d','740cbdf9-1f88-4bb0-b976-59e2102eedf7','2024-05-28 12:12:31',1,'2024-05-28 17:42:31'),(46,'ADMIN0001','4p8ac93pbv94p1o5r0yd2f','4df16693-2802-4080-ac80-5a6de6da1c2c','2024-05-28 16:06:20',1,'2024-05-28 21:36:20'),(47,'ADMIN0001','3733B687-6324-1E0B-B5AE-07C2EF95C56B','b70bf3c3-5f2b-4e9e-a7ba-893f4d74ca17','2024-05-29 11:17:17',1,'2024-05-29 11:17:17'),(48,'ADMIN0001','lwntnjtumre04p7md7xw9g5','9627b494-0414-48a4-9860-e59012045bed','2024-05-29 13:26:42',1,'2024-05-29 18:56:42'),(49,'ADMIN0001','D2B177C4-1128-7841-82E1-F2AFA32A5AC4','c62caebd-61f7-45e4-a69f-b6a4d581a378','2024-06-10 05:50:01',1,'2024-06-10 11:20:01'),(50,'ADMIN0001','8fl8xv7kmy8poo0g7cbgyg','c20e1a8d-80a5-4640-84a3-372ab3393b50','2024-06-11 05:12:17',1,'2024-06-11 10:42:17'),(51,'ADMIN0001','zr6hrban1amixzexarfyw','be48e6c0-8703-4b69-a1f6-84d82cfca47f','2024-06-11 07:43:56',1,'2024-06-11 13:13:56'),(52,'ADMIN0001','s0gm8odrhwlk50rbvqrj1k','3a72a351-7d80-4680-807a-7ad00d014035','2024-06-11 08:51:17',1,'2024-06-11 08:51:17'),(53,'ADMIN0001','lyu8p7chugvqzlt4dny9l','ed55563e-1c8e-42e8-8ba2-5470c0240507','2024-06-11 08:51:35',1,'2024-06-11 08:51:35'),(54,'ADMIN0001','A08F8CB0-659D-8C5A-68AC-77F8FE1A935A','d240e916-24c8-46a0-a4a1-6f509f9bc105','2024-06-11 09:36:03',1,'2024-06-11 09:36:03'),(55,'ADMIN0001','8eebkqh5yfb8ar787v58ke','340ed4df-0d87-4301-9c4d-021ab1505c67','2024-06-11 10:34:35',1,'2024-06-11 16:04:35'),(56,'ADMIN0001','vcqms5vmwfgbrcxrkm3yq','a745cf4c-fdf8-4a88-83ba-da65de8e44bd','2024-06-11 10:39:49',1,'2024-06-11 16:09:49'),(57,'ADMIN0001','ze897pl40dq54ht90gr9s','bf487da0-6948-4273-a62c-46afe9ae9098','2024-06-11 10:39:52',1,'2024-06-11 16:09:52'),(58,'ADMIN0001','irvqpnrkmo9frxqtxh6qi7','16524a91-d75e-4259-bde0-33deffe97e6f','2024-06-11 10:40:54',1,'2024-06-11 16:10:54'),(59,'ADMIN0001','veo2d13uzegxktvfd1tim','b92ceb77-a8a0-48d0-95fc-de55454220c2','2024-06-11 10:41:26',1,'2024-06-11 16:11:26'),(60,'ADMIN0001','eswou7h8rov4fptum8asw8','0eebb723-b5d0-44d1-a076-2d5bca29f867','2024-06-12 12:04:46',1,'2024-06-12 17:34:45'),(61,'1000132','A08F8CB0-659D-8C5A-68AC-77F8FE1A935A','6686d676-d73c-4ae1-9efa-0a53df0aaf2e','2024-06-12 12:20:48',1,'2024-06-12 12:20:48'),(62,'ADMIN0001','62f53d3ffe26941b68085bf67d9795e12126168a','984a299b-0e81-4f24-af4e-033f17a1c025','2024-06-12 13:40:03',1,'2024-06-12 13:40:03'),(63,'ADMIN0001','fgcvbssrcejqojjr7wwy','d13bf186-45bb-4b87-b40c-dc5f1a0e637c','2024-06-13 01:15:47',1,'2024-06-13 06:45:47'),(64,'ADMIN0001','62f53d3ffe26941b68085bf67d9795e12126168a','7713cc7a-05e5-43fc-8c76-7b3a0aca7f31','2024-06-13 04:17:45',1,'2024-06-13 04:17:45'),(65,'ADMIN0001','3A7D14BF-E0EE-7C37-1EA5-12392F394F8E','7a39a596-dd4e-4699-af73-5447355b7acb','2024-06-14 03:29:48',1,'2024-06-14 03:29:48'),(66,'ADMIN0001','3A7D14BF-E0EE-7C37-1EA5-12392F394F8E','a308a0bc-584c-4275-ac6e-67aa8971e5e9','2024-06-14 03:58:01',1,'2024-06-14 03:58:01'),(67,'ADMIN0001','3A7D14BF-E0EE-7C37-1EA5-12392F394F8E','8f9f3285-bcec-42dc-8582-6effc78cff09','2024-06-14 03:59:13',1,'2024-06-14 03:59:13'),(68,'ADMIN0001','62f53d3ffe26941b68085bf67d9795e12126168a','07bc070e-3935-407b-8164-2c0d038f66d3','2024-06-14 06:11:41',1,'2024-06-14 06:11:41'),(69,'ADMIN0001','62f53d3ffe26941b68085bf67d9795e12126168a','f83a8c75-a062-4da8-a908-9744d6600da7','2024-06-14 06:13:38',1,'2024-06-14 06:13:38'),(70,'ADMIN0001','8b92068e6642bb74d8fb40286756bca15069b7f3','89d5da43-c64e-4810-bf26-5cc903ea18ab','2024-06-14 06:37:40',1,'2024-06-14 06:37:40'),(71,'ADMIN0001','8b92068e6642bb74d8fb40286756bca15069b7f3','6a22daae-13ad-4cf6-a0f1-0e2672d3e995','2024-06-14 06:38:31',1,'2024-06-14 06:38:31'),(72,'ADMIN0001','8b92068e6642bb74d8fb40286756bca15069b7f3','ccea06f6-f9fb-4e91-866c-3b1ea096dace','2024-06-14 06:39:26',1,'2024-06-14 06:39:26'),(73,'ADMIN0001','8b92068e6642bb74d8fb40286756bca15069b7f3','f79451ff-1bea-4116-8a58-8bfed81c6020','2024-06-14 11:13:32',1,'2024-06-14 11:13:32'),(74,'ADMIN0001','3733B687-6324-1E0B-B5AE-07C2EF95C56B','74f0a5f9-82ca-4d21-8f20-ae7856183e65','2024-06-15 06:04:34',1,'2024-06-15 06:04:34'),(75,'ADMIN0001','8b92068e6642bb74d8fb40286756bca15069b7f3','fffe4d52-2fbc-4f22-ac8f-b5c288cf19e5','2024-06-15 11:29:28',1,'2024-06-15 11:29:28'),(76,'ADMIN0001','8b92068e6642bb74d8fb40286756bca15069b7f3','be87c883-9a95-4149-ab09-56b3fcd9e064','2024-06-16 11:47:25',1,'2024-06-16 11:47:25'),(77,'ADMIN0001','m04ebmdqdzmeepkkwe7edr','07f2ee13-d74a-42e1-9d7a-646d385e7463','2024-06-20 04:38:50',1,'2024-06-20 10:08:50'),(78,'ADMIN0002','cktcy2jxyvlvkw13z9l8e','115c1e62-935b-49c0-84e7-d87cdadfca5e','2024-06-20 08:08:09',1,'2024-06-20 08:08:09'),(79,'ADMIN0002','2z1c0ksnlgwol19qgmgdl','f65b6bd6-1304-403f-915a-224236e60ceb','2024-06-20 08:08:43',1,'2024-06-20 08:08:43'),(80,'ADMIN0002','6a4eaa1a62156f9c12b3b64ec779b09051cb385a','5d65f543-2234-4bec-b076-cb2cdea63d56','2024-06-26 14:12:50',1,'2024-06-26 14:12:50'),(81,'ADMIN0001','5b3a0d19e9b9ccab41b1dd0a9d91badd0c82fed6','947bfcb5-9803-40de-9d96-4aafa2c5dab3','2024-07-20 10:45:40',1,'2024-07-20 10:45:40'),(82,'ADMIN0001','xwyxd2za4pjjagn86hoajk','70c9dc87-143d-4ade-92f4-ffd42926ab09','2024-07-28 05:03:35',1,'2024-07-28 10:33:35'),(83,'ADMIN0001','DA61FF00-FC30-E27B-562B-097B30E4E0AB','25390ed7-b35d-4df8-85e7-e17048415e10','2024-07-28 06:07:31',1,'2024-07-28 06:07:31'),(84,'ADMIN0001','f6fkt04yt9rzrzwb54yvre','3b543fe5-8805-4989-b600-572c54783473','2024-07-28 08:17:23',1,'2024-07-28 13:47:22'),(85,'ADMIN0001','af95wk4myrtul8gwmqah5','5e781ebe-b688-48e4-910c-2a37d35ed378','2024-07-28 13:30:14',1,'2024-07-28 19:00:13'),(86,'ADMIN0001','4vkn6rh5rk72pk0n1qrsht','fab0aa21-33b0-47ea-9fcb-c4a3e7ead040','2024-07-28 17:35:28',1,'2024-07-28 23:05:27'),(87,'ADMIN0001','0euinn8ow22pi260q85hupl','f32fa18b-f77f-4ba0-9d08-fd1336a8e8cb','2024-07-29 04:43:07',1,'2024-07-29 10:13:07'),(88,'ADMIN0001','3867m3228m426e4kytosrgk','32e7e531-8998-4eac-adc0-08bd9a1f6c6e','2024-07-29 07:46:50',1,'2024-07-29 13:16:50'),(89,'ADMIN0001','i59fp91ymwcyffy0glhjjk','4b787fd4-7005-4b83-a02b-0baaba37af42','2024-07-29 10:49:03',1,'2024-07-29 16:19:03'),(90,'Dealer001','DA61FF00-FC30-E27B-562B-097B30E4E0AB','d7bec2a8-b226-4f9b-a819-1bc4983b4779','2024-07-29 13:11:57',1,'2024-07-29 13:11:57'),(91,'Dealer001','DA61FF00-FC30-E27B-562B-097B30E4E0AB','be3e3300-c561-4b14-b81c-964e82b7c56f','2024-07-29 13:12:38',1,'2024-07-29 13:12:38'),(92,'Dealer001','DA61FF00-FC30-E27B-562B-097B30E4E0AB','de422326-843e-4296-aff4-63ec3b114093','2024-07-29 13:20:23',1,'2024-07-29 13:20:23'),(93,'Dealer001','DA61FF00-FC30-E27B-562B-097B30E4E0AB','5e25a7f8-46b8-4c27-83f2-12e9fe95caf4','2024-07-29 13:22:50',1,'2024-07-29 13:22:50'),(94,'Dealer001','DA61FF00-FC30-E27B-562B-097B30E4E0AB','02d1d674-0656-473d-851d-eaaaa412bae1','2024-07-29 13:23:20',1,'2024-07-29 13:23:20');
/*!40000 ALTER TABLE `user_sessions` ENABLE KEYS */;
UNLOCK TABLES;

--
-- Table structure for table `users`
--

DROP TABLE IF EXISTS `users`;
/*!40101 SET @saved_cs_client     = @@character_set_client */;
/*!50503 SET character_set_client = utf8mb4 */;
CREATE TABLE `users` (
  `userId` text COLLATE utf8mb4_general_ci NOT NULL,
  `name` text COLLATE utf8mb4_general_ci NOT NULL,
  `email` text COLLATE utf8mb4_general_ci NOT NULL,
  `mobile` text COLLATE utf8mb4_general_ci NOT NULL,
  `role` text COLLATE utf8mb4_general_ci NOT NULL,
  `userImage` text COLLATE utf8mb4_general_ci NOT NULL,
  `gcm_regId` text COLLATE utf8mb4_general_ci NOT NULL,
  `isActive` int NOT NULL,
  PRIMARY KEY (`userId`(10))
) ENGINE=InnoDB DEFAULT CHARSET=utf8mb4 COLLATE=utf8mb4_general_ci;
/*!40101 SET character_set_client = @saved_cs_client */;

--
-- Dumping data for table `users`
--

LOCK TABLES `users` WRITE;
/*!40000 ALTER TABLE `users` DISABLE KEYS */;
INSERT INTO `users` VALUES ('1000043','BALAMURUGAN CERAMICS','udhaya@gmail.com','9080057411','dealer','-','0ca1cf0f-84c4-4ab4-90d3-6f1653d1505c',1),('1000132','K.S.R.CERAMICS','accounts@ksrceramics.com','8494931500','dealer','-','db6dabfa-5f23-4a12-90b2-165c62287dc0',1),('1000267','SHAKTHI TILES','shakthitiles@gmail.com','7299936789','dealer','-','-',1),('1000708','VAMSI KRISHNA ENTERPRISES','vamsikrishnaenterprises227@gmail.com','7013326773','dealer','-','-',1),('1001002','BHARATH CERAMIC','bhavanitraders1967@gmail.com','8884727272','dealer','-','-',1),('1001090','SRI RAGHAVENDRA ENTERPRISES','sriraghavendraenterprises45@gmail.com','9246547145','dealer','-','-',1),('ADMIN0001','Pavan Kusuma','kusumapavankumar@gmail.com','7799813519','SuperAdmin','-','85837539-7273-4b69-9135-a183b7fe0007',1),('ADMIN0002','K Sai Sumant','sumant.sai@gmail.com','9963255099','admin','-','53ec0775-afa7-4cb3-a317-f661472bfd05',1),('ADMIN0003','K Nagabhushana','knbrao0808@gmail.com','8008133119','admin','-','08cec3fc-9ea6-4840-8af9-522c5112350e',1),('ADMIN0004','K Srinivasa Reddy','ksr@anjanitiles.com','7981967552','admin','-','-',1),('ADMIN0005','VVVSN Murthy','secretarymurthy@gmail.com','9704557771','admin','-','81f15d55-8e0b-43af-8b64-a008d3befef0',1),('ADMIN0006','DSN Varma','dsnvarma@ymail.com','9014208144','SuperAdmin','-','-',1),('Dealer001','Piltovr India','piltovrindia@gmail.com','7822052018','dealer','-','-',1),('SALE0001','K S R CERAMICS-BANGALORE','-','-','sales','-','-',1),('SALE0002','V RAJA BABU','-','-','sales','-','-',1),('SALE0003','J VENKATESWARLU','-','-','sales','-','-',1),('SALE0004','JAGANATHAN','-','-','sales','-','-',1),('SALE0005','T GANAPATHI','-','-','sales','-','-',1);
/*!40000 ALTER TABLE `users` ENABLE KEYS */;
UNLOCK TABLES;
/*!40103 SET TIME_ZONE=@OLD_TIME_ZONE */;

/*!40101 SET SQL_MODE=@OLD_SQL_MODE */;
/*!40014 SET FOREIGN_KEY_CHECKS=@OLD_FOREIGN_KEY_CHECKS */;
/*!40014 SET UNIQUE_CHECKS=@OLD_UNIQUE_CHECKS */;
/*!40101 SET CHARACTER_SET_CLIENT=@OLD_CHARACTER_SET_CLIENT */;
/*!40101 SET CHARACTER_SET_RESULTS=@OLD_CHARACTER_SET_RESULTS */;
/*!40101 SET COLLATION_CONNECTION=@OLD_COLLATION_CONNECTION */;
/*!40111 SET SQL_NOTES=@OLD_SQL_NOTES */;

-- Dump completed on 2024-07-29 18:02:53
